"","region","year","est.pred","se.pred","ci.pred.lower","ci.pred.upper","est.real","se.real","ci.real.lower","ci.real.upper","surveyed"
"1","C ALEU",1978,37851.900602288,351736.965998071,10881.0609348818,143493.979350341,37851.900602288,351736.965998071,10881.0609348818,143493.979350341,0
"2","C ALEU",1979,27622.9351423705,148000.658056304,11074.515855054,85073.4551391107,27183.6884543103,148005.054509144,10511.9265539626,84018.6072370253,1
"3","C ALEU",1980,21153.7605631651,65378.4546677172,10679.006063403,54242.9894730637,21153.7605631651,65378.4546677172,10679.006063403,54242.9894730637,0
"4","C ALEU",1981,17044.0313906677,30364.6949702613,10508.6268263716,35829.0871017477,17044.0313906677,30364.6949702613,10508.6268263716,35829.0871017477,0
"5","C ALEU",1982,14362.3100508081,14947.9154739293,10035.2399433037,25515.1434962103,14362.3100508081,14947.9154739293,10035.2399433037,25515.1434962103,0
"6","C ALEU",1983,12437.3479856372,7925.75933468032,9329.70799449909,19101.414692356,12437.3479856372,7925.75933468032,9329.70799449909,19101.414692356,0
"7","C ALEU",1984,10920.5119808177,4561.05501200525,8718.59537396881,15295.9207631684,10920.5119808177,4561.05501200525,8718.59537396881,15295.9207631684,0
"8","C ALEU",1985,9591.55681809956,2812.33283482506,7843.04187789343,12496.2026083881,10975.9343714646,2772.74180397557,9818.01672447309,13712.3309275663,1
"9","C ALEU",1986,8405.31413124687,1831.68711349829,7049.95842545354,10397.3254753086,8405.31413124687,1831.68711349829,7049.95842545354,10397.3254753086,0
"10","C ALEU",1987,7295.37394310818,1269.46448612006,6279.51765805452,8850.53525126194,7295.37394310818,1269.46448612006,6279.51765805452,8850.53525126194,0
"11","C ALEU",1988,6325.89302420418,926.131224863516,5420.52806756127,7445.66582452059,6325.89302420418,926.131224863516,5420.52806756127,7445.66582452059,0
"12","C ALEU",1989,5504.15059397117,709.398950027467,4785.02737973149,6419.94469431483,5081.37488212886,686.766299009171,4434.99556116755,5902.84580624602,1
"13","C ALEU",1990,4805.46259600067,568.024095504648,4209.24130305084,5589.17353742172,4064.95302571897,516.616828142535,3718.37463191015,4687.57143062483,1
"14","C ALEU",1991,4257.09593378926,480.781005448286,3727.26907628857,4906.80883109772,4257.09593378926,480.781005448286,3727.26907628857,4906.80883109772,0
"15","C ALEU",1992,3832.27503593857,420.31592484905,3352.68634880154,4409.7491529812,3832.27503593857,420.31592484905,3352.68634880154,4409.7491529812,0
"16","C ALEU",1993,3516.87628127411,369.467907290781,3076.64673480646,4012.15458022139,3516.87628127411,369.467907290781,3076.64673480646,4012.15458022139,0
"17","C ALEU",1994,3296.62057190048,341.432574066306,2886.63906776608,3767.28454188063,3421.63565624545,289.029116615911,3226.31578503797,3772.19611426545,1
"18","C ALEU",1995,3154.78105338603,312.185888262416,2754.93479563459,3581.75682309125,3154.78105338603,312.185888262416,2754.93479563459,3581.75682309125,0
"19","C ALEU",1996,3063.44653320688,286.060495307975,2703.98729137489,3470.69035963313,3063.44653320688,286.060495307975,2703.98729137489,3470.69035963313,0
"20","C ALEU",1997,3011.53293497012,270.652991748831,2661.89709944839,3405.77643580443,3124.00800431572,245.405740157971,2849.38392878584,3473.38533612866,1
"21","C ALEU",1998,2985.7440123956,254.464064144999,2640.59170512369,3345.93554379161,3078.76298947727,199.485943983211,2950.28316111167,3329.84545706055,1
"22","C ALEU",1999,2973.65206307312,240.032430907246,2648.67407111852,3347.24687983327,2972.78499249162,239.807412255577,2643.40887940582,3341.07148061962,1
"23","C ALEU",2000,2968.4237124648,233.749776651864,2640.4148066683,3326.00548016106,2961.06005142292,230.808946229593,2624.15461529225,3303.92602733126,1
"24","C ALEU",2001,2959.45293224386,221.87380515199,2635.46358315665,3300.37801203072,2748.09962103294,158.859374935055,2595.90736469279,2966.33843634525,1
"25","C ALEU",2002,2952.86608593813,214.55345493295,2641.51216880566,3298.41359357359,2951.01332974425,171.085129038517,2722.9239474653,3205.04666259033,1
"26","C ALEU",2003,2932.1233817481,206.720696731082,2616.28992794065,3257.03331135045,2932.1233817481,206.720696731082,2616.28992794065,3257.03331135045,0
"27","C ALEU",2004,2906.31818628184,199.079844725409,2617.97987662452,3238.90925389731,2857.98601138732,124.347096589456,2714.81213046931,3042.27824751847,1
"28","C ALEU",2005,2874.62835412932,189.321371995291,2561.66070218395,3164.00182201755,2936.24908288504,100.992448171972,2830.69897124527,3081.98481549735,1
"29","C ALEU",2006,2840.16989173464,183.101156601238,2555.15449926707,3140.26113951595,2840.16989173464,183.101156601238,2555.15449926707,3140.26113951595,0
"30","C ALEU",2007,2795.28432941893,177.895662026425,2507.13259153513,3086.69853395473,2754.80616835329,174.639089039631,2486.76895541209,3055.54696531068,1
"31","C ALEU",2008,2749.18896389082,174.613662214175,2464.13990975447,3034.55812411997,2749.18896389082,174.613662214175,2464.13990975447,3034.55812411997,0
"32","C ALEU",2009,2703.42685654422,168.701951641665,2443.43966410669,2998.74165275247,2773.91529351553,49.6588266488539,2720.21214718308,2850.6897892195,1
"33","C ALEU",2010,2660.1827177163,168.59927174371,2398.02686629472,2946.01187105313,2667.1997373347,55.135854817497,2586.29055359564,2757.17370785807,1
"34","C ALEU",2011,2615.63073074789,164.066699428322,2338.47406191256,2874.09538964805,2584.95818727725,67.6318600772184,2473.71283118866,2696.08320441621,1
"35","C ALEU",2012,2571.47327288749,166.055976555146,2292.55000847153,2834.80663049999,2571.47327288749,166.055976555146,2292.55000847153,2834.80663049999,0
"36","C ALEU",2013,2522.41420175078,166.601838354434,2235.61534372845,2786.35780075974,2527.29000978873,165.863073118746,2259.25588349211,2807.08252418009,1
"37","C ALEU",2014,2472.2922245835,170.93897672475,2200.7528341568,2759.56184265138,2402.9891990907,45.203766493176,2327.93198439364,2474.92219966348,1
"38","C ALEU",2015,2408.4649124197,170.762870578357,2132.51918562032,2693.1114073205,2404.16570361877,166.148361296732,2130.19047872286,2675.40317351709,1
"39","C ALEU",2016,2344.20011989127,174.860038643215,2059.21808659164,2629.18562808352,2382.35668931951,79.5146642100474,2261.03367006841,2513.56552407629,1
"40","C ALEU",2017,2278.9391231648,188.374624178223,1983.50423105482,2596.55371770378,2270.42643084112,184.957593102211,1974.91242305551,2570.84239712196,1
"41","C ALEU",2018,2232.05113100033,212.127092693553,1907.74800296303,2586.49320127129,2196.81252957567,128.285873312528,2022.22108766801,2399.68605230456,1
"42","C ALEU",2019,2201.74474949087,249.911036566789,1821.87762573083,2615.79647885765,2201.74474949087,249.911036566789,1821.87762573083,2615.79647885765,0
"43","C ALEU",2020,2203.13479351877,309.797292466023,1752.49435359637,2699.0356766069,2203.13479351877,309.797292466023,1752.49435359637,2699.0356766069,0
"44","C ALEU",2021,2251.18652898367,391.425423991647,1719.36863973289,2897.83608827218,2251.18652898367,391.425423991647,1719.36863973289,2897.83608827218,0
"45","E ALEU",1978,41153.3884975977,334169.56497149,13293.2238605848,95128.7912078872,41153.3884975977,334169.56497149,13293.2238605848,95128.7912078872,0
"46","E ALEU",1979,29182.4853010365,126788.018439459,12399.3597128943,59273.0629102747,29031.2287470369,126786.545754714,12389.1235061222,59326.4574523836,1
"47","E ALEU",1980,21044.3737205642,49355.001970749,10933.3333805235,38463.3099384618,21044.3737205642,49355.001970749,10933.3333805235,38463.3099384618,0
"48","E ALEU",1981,15415.9260108186,20576.7479214883,9563.48471799179,26080.4350914738,15415.9260108186,20576.7479214883,9563.48471799179,26080.4350914738,0
"49","E ALEU",1982,11532.8993267165,9567.76468668966,8005.84574186063,18182.0707683601,11531.1983083133,9568.21963909649,7996.62398387492,18177.9388292978,1
"50","E ALEU",1983,8883.14193463156,4956.59797163257,6725.58096733856,13079.4187393725,8883.14193463156,4956.59797163257,6725.58096733856,13079.4187393725,0
"51","E ALEU",1984,7047.75774256304,2822.61972170247,5622.71796022305,9821.31708294519,7047.75774256304,2822.61972170247,5622.71796022305,9821.31708294519,0
"52","E ALEU",1985,5747.10057893514,1718.31626210148,4673.59805647775,7634.39671144388,6038.91160214198,1704.88099935541,5226.60542472541,7915.74326700021,1
"53","E ALEU",1986,4816.9395894806,1128.43354153234,3986.9320042541,6173.55530146674,4807.9216526257,1122.89475807525,4030.61902619381,6160.33008210765,1
"54","E ALEU",1987,4118.81416384127,767.619992577423,3439.03046428218,5084.49277991299,4118.81416384127,767.619992577423,3439.03046428218,5084.49277991299,0
"55","E ALEU",1988,3582.52423649567,545.013676434792,3036.22215204785,4334.18885453994,3582.52423649567,545.013676434792,3036.22215204785,4334.18885453994,0
"56","E ALEU",1989,3170.16165472441,397.925306789619,2707.45083957823,3749.99912922859,2956.22923812734,387.221737798019,2551.17464930745,3519.08786822583,1
"57","E ALEU",1990,2846.48005786307,298.972077549493,2481.39956908166,3307.60129377931,2687.51070612151,269.481247019218,2418.10457660736,3084.39130612197,1
"58","E ALEU",1991,2601.39616674331,232.231975599438,2295.86175466521,2971.49428630213,2680.47329147578,207.966249583823,2412.87583244341,2980.18542894011,1
"59","E ALEU",1992,2410.30208020148,189.417808123068,2137.14867066946,2711.47261261804,2437.79760411724,182.284701500499,2167.6102294761,2716.48230104695,1
"60","E ALEU",1993,2266.67133622621,160.518284223674,2025.92963487622,2520.94354445611,2243.69031361274,147.727739244634,2038.58964221656,2489.4177304463,1
"61","E ALEU",1994,2153.16853703853,141.230782529931,1932.98289291193,2377.29615798116,2176.30284243107,93.7846090141853,2057.49293844955,2312.07467003594,1
"62","E ALEU",1995,2062.62139226651,129.016059092439,1861.62150128416,2269.34132060237,2069.85789579164,117.853362644049,1897.98643755944,2268.39145254076,1
"63","E ALEU",1996,1989.7405063922,121.558309231861,1786.12613932288,2175.53816337298,2084.4967573926,106.039072515992,1922.35812070396,2251.93531713788,1
"64","E ALEU",1997,1931.4560824359,113.230080893966,1754.10238577238,2116.65951473033,1955.65656108801,83.3452906875956,1823.54569510073,2080.77432076145,1
"65","E ALEU",1998,1886.1601583535,108.872087867476,1720.82566416423,2067.73861073537,1773.25085616836,46.9761590578302,1726.62643412533,1833.90490237379,1
"66","E ALEU",1999,1856.60010654119,106.63643654441,1690.39409303562,2035.17465966718,1856.60010654119,106.63643654441,1690.39409303562,2035.17465966718,0
"67","E ALEU",2000,1847.16067042065,103.008879720396,1683.03576665899,2017.89918106295,1845.75289380274,88.3989509445843,1700.91076155628,1986.70470502826,1
"68","E ALEU",2001,1861.9586680748,101.595501299834,1699.17353156307,2030.45384498649,1879.49445195799,32.0328187708124,1851.53647164275,1921.06139081296,1
"69","E ALEU",2002,1902.49688189227,102.060696424052,1736.78570860172,2068.78113609681,1853.99128574888,83.8694249112682,1723.81477151808,1991.49864881278,1
"70","E ALEU",2003,1968.11421690064,101.959186420996,1803.44262123893,2135.2193704615,1997.99713187025,62.8312858271334,1896.03704296458,2098.23739372086,1
"71","E ALEU",2004,2058.44274439059,104.292319010565,1887.12454144866,2228.36049612094,1961.82497508034,57.9241269169164,1872.52570569637,2057.16431587029,1
"72","E ALEU",2005,2168.52883294813,107.180605293127,1995.71479534815,2347.17177244575,2242.7594423709,19.1777365390744,2218.00520900929,2270.01815909398,1
"73","E ALEU",2006,2293.76155716022,110.951267111007,2120.12815401103,2480.57612821478,2293.76155716022,110.951267111007,2120.12815401103,2480.57612821478,0
"74","E ALEU",2007,2424.05518869901,116.968224440251,2229.71796731846,2616.3562313408,2425.09767568029,116.375561789943,2239.54130184339,2624.15423713026,1
"75","E ALEU",2008,2544.37124456741,121.820407135834,2345.22375834958,2743.92978434717,2544.37124456741,121.820407135834,2345.22375834958,2743.92978434717,0
"76","E ALEU",2009,2649.51533990507,125.278001885639,2437.84781895657,2850.07796299875,2646.69948443414,5.53845024993978,2642,2654.39493567591,1
"77","E ALEU",2010,2725.50891739707,127.711391983135,2516.98105933629,2930.66470404335,2724.57605325472,108.581176200476,2542.46245032776,2894.71945455347,1
"78","E ALEU",2011,2768.90327290467,127.35462821323,2564.87137824623,2980.4266175843,2807.27031728032,8.21514362879947,2795.25363113968,2821.09122657534,1
"79","E ALEU",2012,2788.98345180723,128.849791274282,2585.79560593937,3003.36038495054,2788.98345180723,128.849791274282,2585.79560593937,3003.36038495054,0
"80","E ALEU",2013,2793.91198201548,130.77546588688,2582.96074379338,3011.64890544032,2793.91198201548,130.77546588688,2582.96074379338,3011.64890544032,0
"81","E ALEU",2014,2789.4612705496,133.797820649245,2567.70899031981,3005.65177600993,2746.54292033035,16.9040385491791,2719.75149562307,2772.77793228671,1
"82","E ALEU",2015,2791.867451695,129.57934037165,2575.02179985851,2997.34436770329,2796.40058684693,128.434564400694,2593.51376868446,3010.09901346567,1
"83","E ALEU",2016,2806.96507402706,128.785672406266,2599.33926622816,3019.56975502834,2813.03974421346,15.2910629060887,2789.60776004114,2837.95082914693,1
"84","E ALEU",2017,2839.36204853009,131.173214588854,2624.58550621705,3056.65930549176,2839.36204853009,131.173214588854,2624.58550621705,3056.65930549176,0
"85","E ALEU",2018,2907.91202090202,149.900988390902,2664.08431859359,3154.45993616732,2890.3196914285,40.6707792822704,2836.26963476839,2954.66723240406,1
"86","E ALEU",2019,3002.1806172076,190.208116094534,2705.92730599823,3321.40805012551,3002.1806172076,190.208116094534,2705.92730599823,3321.40805012551,0
"87","E ALEU",2020,3143.03636810447,255.031747685924,2763.44841861487,3579.74838801839,3143.03636810447,255.031747685924,2763.44841861487,3579.74838801839,0
"88","E ALEU",2021,3317.26330070789,365.277970901559,2762.32393568059,3886.46571490475,3317.26330070789,365.277970901559,2762.32393568059,3886.46571490475,0
"89","W ALEU",1978,2841.76923007771,17738.730922869,1513.40983887398,7177.33241340498,2841.76923007771,17738.730922869,1513.40983887398,7177.33241340498,0
"90","W ALEU",1979,2846.28719228216,9970.20540732199,1735.98155130226,6152.81963642433,2831.33859746002,9970.73167863492,1823.01957827001,6062.70773101188,1
"91","W ALEU",1980,2899.95517500139,5970.07327062905,1768.57367478274,5443.20073160121,2899.95517500139,5970.07327062905,1768.57367478274,5443.20073160121,0
"92","W ALEU",1981,2988.06756158561,3688.35555335375,1833.49357185666,4963.68590071899,2988.06756158561,3688.35555335375,1833.49357185666,4963.68590071899,0
"93","W ALEU",1982,3064.73542525933,2342.31971869471,1885.60437902037,4665.77600927767,3064.73542525933,2342.31971869471,1885.60437902037,4665.77600927767,0
"94","W ALEU",1983,3105.73391540481,1551.0004371176,1982.03504732077,4465.40627327832,3105.73391540481,1551.0004371176,1982.03504732077,4465.40627327832,0
"95","W ALEU",1984,3109.34312334124,1135.93966928016,2076.23473556949,4304.49665712212,3109.34312334124,1135.93966928016,2076.23473556949,4304.49665712212,0
"96","W ALEU",1985,3048.06918795026,888.023078344412,2106.47979914036,4124.19064695776,3048.06918795026,888.023078344412,2106.47979914036,4124.19064695776,0
"97","W ALEU",1986,2936.19813306224,733.627747891283,2130.22665567787,3973.11803746754,2936.19813306224,733.627747891283,2130.22665567787,3973.11803746754,0
"98","W ALEU",1987,2783.04640991762,627.955641529663,2053.78703281511,3719.43247160109,2783.04640991762,627.955641529663,2053.78703281511,3719.43247160109,0
"99","W ALEU",1988,2617.93021938359,540.937664436297,2015.80290620892,3490.03821907412,2617.93021938359,540.937664436297,2015.80290620892,3490.03821907412,0
"100","W ALEU",1989,2440.61205496587,456.653455355424,1911.86639771799,3172.27113082996,2454.24413869921,449.879844603814,1924.76388619432,3134.43491288739,1
"101","W ALEU",1990,2253.27482659232,374.24457738127,1775.99333627833,2833.55252979754,2254.64305838297,364.860381488964,1803.19308773496,2821.75928940776,1
"102","W ALEU",1991,2053.99703775621,294.503367109966,1662.22190483208,2511.60106810881,2053.99703775621,294.503367109966,1662.22190483208,2511.60106810881,0
"103","W ALEU",1992,1849.10097010083,226.312630235669,1542.41293553965,2208.07501090132,1849.10097010083,226.312630235669,1542.41293553965,2208.07501090132,0
"104","W ALEU",1993,1649.3972220848,171.668851660882,1414.49343933022,1920.80603527036,1649.3972220848,171.668851660882,1414.49343933022,1920.80603527036,0
"105","W ALEU",1994,1460.48916592971,131.241134122671,1271.67204717151,1657.71550851702,1417.99532586393,127.272121311838,1236.93677801973,1605.92441749483,1
"106","W ALEU",1995,1284.13961913932,103.246179227206,1138.47343950033,1438.932911714,1284.13961913932,103.246179227206,1138.47343950033,1438.932911714,0
"107","W ALEU",1996,1128.31067658145,82.9696466416631,1009.13361674144,1249.09765122784,1128.31067658145,82.9696466416631,1009.13361674144,1249.09765122784,0
"108","W ALEU",1997,992.672773878688,69.2699517697406,900.30974119406,1102.37729203911,1032.77309277852,52.3402699995776,985.444721690871,1111.60955949762,1
"109","W ALEU",1998,875.084656135747,59.3143483493796,793.494521719976,968.659546929364,853.855027592226,42.3438636697116,811.476115070035,918.524501846283,1
"110","W ALEU",1999,773.728823951319,49.8952497493476,698.134533326863,853.884085762434,773.728823951319,49.8952497493476,698.134533326863,853.884085762434,0
"111","W ALEU",2000,683.69314021673,44.1030052039083,619.941191539767,756.297040472655,683.69314021673,44.1030052039083,619.941191539767,756.297040472655,0
"112","W ALEU",2001,605.173100439588,38.2832521710869,547.360321995561,666.582031751307,605.173100439588,38.2832521710869,547.360321995561,666.582031751307,0
"113","W ALEU",2002,534.955152558453,33.4029091586803,482.328836483263,586.467427707668,524.287545194682,15.2243823872427,502.189947897298,549.117397161387,1
"114","W ALEU",2003,473.057202130675,29.5186165598175,428.641315415589,519.498867382463,473.057202130675,29.5186165598175,428.641315415589,519.498867382463,0
"115","W ALEU",2004,419.884245718196,26.6649348344646,379.910327166044,460.624749224468,436.977244809481,13.3946208269167,416.496189053669,459.282662414487,1
"116","W ALEU",2005,373.618064984806,23.4361852324612,336.118221722686,408.32357207364,370,0,370,370,1
"117","W ALEU",2006,334.256597671994,21.9783930966708,302.222377075227,368.673047677693,334.256597671994,21.9783930966708,302.222377075227,368.673047677693,0
"118","W ALEU",2007,300.767715068608,20.820203067941,269.57127290473,332.180720538199,300.767715068608,20.820203067941,269.57127290473,332.180720538199,0
"119","W ALEU",2008,272.532487035989,19.1898982755979,242.710380077577,302.466210111245,285.028560447933,5.19341917676531,276.670708641717,293.374210731352,1
"120","W ALEU",2009,249.537574619912,18.2480141592686,222.627348063242,278.076132205184,234,0,234,234,1
"121","W ALEU",2010,229.852900098777,16.7464757109743,204.692129478708,256.611088363311,229.852900098777,16.7464757109743,204.692129478708,256.611088363311,0
"122","W ALEU",2011,214.082198070169,15.4829194746172,190.97137258196,239.689262652313,201.816221739785,5.01255155797893,194.066127100472,209.876504537931,1
"123","W ALEU",2012,201.844081039135,15.2242145060242,177.868871739515,225.547862829353,200,0,200,200,1
"124","W ALEU",2013,192.864511300476,14.8808882674507,171.034113177243,217.428702323222,203,0,203,203,1
"125","W ALEU",2014,186.215476173548,14.3923162768308,164.646721039056,210.202706139451,174,0,174,174,1
"126","W ALEU",2015,182.076028986515,14.4852302510936,160.035611179448,205.492645997333,182.076028986515,14.4852302510936,160.035611179448,205.492645997333,0
"127","W ALEU",2016,179.715710025408,14.3555164778708,157.575678418838,202.280891741887,199,0,199,199,1
"128","W ALEU",2017,178.899283733505,14.8132883832064,155.763077364149,202.385108051299,177.100770976704,14.3012835664962,155.577857463652,200.311834142533,1
"129","W ALEU",2018,179.215128233247,16.2031789694653,154.299478866612,205.988814833065,170,1.13310729783232,170,172.017258302394,1
"130","W ALEU",2019,180.925308657386,19.1469670911412,150.61281519006,212.170318312015,180.925308657386,19.1469670911412,150.61281519006,212.170318312015,0
"131","W ALEU",2020,183.553302307348,23.1627400868091,145.920756907593,220.380977331458,183.553302307348,23.1627400868091,145.920756907593,220.380977331458,0
"132","W ALEU",2021,186.140374440235,28.6644370045733,141.185034250744,232.502766638207,186.140374440235,28.6644370045733,141.185034250744,232.502766638207,0
"133","W GULF",1978,17696.0153141683,263331.037410778,7387.42138713696,83273.2072301101,16768.9247617586,263337.898580508,7284.82554543656,82541.6384519809,1
"134","W GULF",1979,14983.392367169,119805.546425063,7662.08533505966,53854.2746459365,15963.2428305595,119813.927820087,9546.41374328598,54448.8334927755,1
"135","W GULF",1980,12988.9913938742,57770.1924793778,7531.48833889247,36896.7266659266,12988.9913938742,57770.1924793778,7531.48833889247,36896.7266659266,0
"136","W GULF",1981,11328.793787437,29304.103936853,6956.00277917152,26212.8683877484,11328.793787437,29304.103936853,6956.00277917152,26212.8683877484,0
"137","W GULF",1982,9815.2088463245,15713.6521395906,6617.73212251165,19487.2728865556,9815.2088463245,15713.6521395906,6617.73212251165,19487.2728865556,0
"138","W GULF",1983,8453.78627289573,8886.96469857495,5835.89965229852,14716.5134812231,8453.78627289573,8886.96469857495,5835.89965229852,14716.5134812231,0
"139","W GULF",1984,7227.96750648295,5255.30168189113,5185.23664781344,11396.963875455,7316.70183571199,5241.44700084101,5849.90890116798,11422.2254617762,1
"140","W GULF",1985,6136.29438609824,3284.29221057975,4563.98097482597,9127.01252093625,6136.29438609824,3284.29221057975,4563.98097482597,9127.01252093625,0
"141","W GULF",1986,5216.62659066941,2124.37096158363,3953.63883578601,7299.12343791703,5146.97854161364,2107.24221669257,4134.59664113206,7243.60466373682,1
"142","W GULF",1987,4451.10987277022,1434.93948565717,3436.603681424,6042.76440317972,4451.10987277022,1434.93948565717,3436.603681424,6042.76440317972,0
"143","W GULF",1988,3825.84173870726,1036.13458367307,3016.26843251652,5050.22256720751,3825.84173870726,1036.13458367307,3016.26843251652,5050.22256720751,0
"144","W GULF",1989,3314.05325079962,738.582721773309,2607.05063041814,4245.95165962024,3314.05325079962,738.582721773309,2607.05063041814,4245.95165962024,0
"145","W GULF",1990,2912.0435069778,550.432369421418,2363.46612448784,3698.57320416249,2768.1041135566,534.492008597955,2290.15733566812,3496.18508283403,1
"146","W GULF",1991,2593.53691401208,423.838784961159,2120.48975598503,3211.80452580062,2535.89865573805,401.155101802201,2159.91483484041,3122.02865962748,1
"147","W GULF",1992,2348.53626111568,334.304572391704,1929.43342665078,2854.74731316849,2294.73195712598,325.89953874577,1905.61853440139,2786.05259932981,1
"148","W GULF",1993,2164.5860410391,269.102004679039,1808.73387920305,2588.51860481227,2216.01731943924,260.628184370246,1876.53757880964,2617.56391548061,1
"149","W GULF",1994,2012.76107137732,221.083561552469,1716.15432307638,2393.02885832155,2018.78228805387,182.027351946489,1798.51254338592,2298.14548880173,1
"150","W GULF",1995,1900.37051779327,189.58392038647,1603.79663530961,2201.40036193501,1900.37051779327,189.58392038647,1603.79663530961,2201.40036193501,0
"151","W GULF",1996,1820.11038949326,164.809530962767,1569.89411182993,2096.25529675752,1875.33503749216,144.077595027157,1659.81711317299,2110.84492734703,1
"152","W GULF",1997,1756.0391749195,147.883943912618,1519.6078716321,1998.22232567522,1756.0391749195,147.883943912618,1519.6078716321,1998.22232567522,0
"153","W GULF",1998,1717.90058078904,133.277227996707,1513.74507716922,1947.41187108694,1753.15436733802,74.2803062162297,1639.73169917491,1869.40618211155,1
"154","W GULF",1999,1698.40610639454,123.807521386826,1490.40412814868,1897.21580222327,1698.40610639454,123.807521386826,1490.40412814868,1897.21580222327,0
"155","W GULF",2000,1698.40737596011,117.764444465284,1501.51746858017,1887.33578370405,1712.45890981096,77.8798166088005,1591.94921183551,1843.72110031676,1
"156","W GULF",2001,1720.06918994109,114.647946226989,1535.95635318122,1912.65190871848,1577.32592554487,27.6404832133586,1541.34915658607,1621.29891374329,1
"157","W GULF",2002,1760.45923124418,114.989138780741,1577.59772864846,1952.3212204109,1904.70080954339,56.3956112151896,1817.10024700554,2000.36611535367,1
"158","W GULF",2003,1819.77834526592,117.340501068903,1621.62244908835,2004.78712020448,1594.71777543787,65.9603495074066,1486.25583199833,1701.60130049521,1
"159","W GULF",2004,1893.52403504922,120.738769620488,1692.34250283319,2085.17945308183,1932.19646412768,68.9124602445964,1819.82193640017,2045.37880713394,1
"160","W GULF",2005,1988.62912924828,126.080166556821,1787.17127499362,2199.76457186643,2016.06918279138,9.00479705381378,2005.81368852183,2029.2674028898,1
"161","W GULF",2006,2095.06317843596,132.400985353907,1883.30797508124,2312.92598440609,2095.06317843596,132.400985353907,1883.30797508124,2312.92598440609,0
"162","W GULF",2007,2205.58880247103,138.283811672385,1975.49661861986,2427.53803222462,2205.58880247103,138.283811672385,1975.49661861986,2427.53803222462,0
"163","W GULF",2008,2318.53709413592,144.055362954786,2075.64137848375,2548.13376353634,2318.53709413592,144.055362954786,2075.64137848375,2548.13376353634,0
"164","W GULF",2009,2422.82915910367,149.951445905438,2177.90861893844,2670.75354104657,2490.38938027396,4.39396506846483,2483.8955127295,2497.16295953906,1
"165","W GULF",2010,2513.8806971726,154.278365874958,2262.38439785997,2764.54681468751,2513.8806971726,154.278365874958,2262.38439785997,2764.54681468751,0
"166","W GULF",2011,2589.43363018471,153.278486986776,2350.60123036671,2849.36563692935,2668.69636456645,1.71226573423203,2667,2671.24986640683,1
"167","W GULF",2012,2649.73346951963,156.488662803732,2397.16431694828,2910.07520633721,2649.73346951963,156.488662803732,2397.16431694828,2910.07520633721,0
"168","W GULF",2013,2693.95541325958,155.178298069218,2451.18242401389,2960.21686435949,2741.61608976509,1.35359888431142,2740,2743.66806301095,1
"169","W GULF",2014,2725.30998916136,159.195949991296,2455.85101090528,2980.19351817096,2523.49371838238,13.8351569912092,2503.9797742328,2546.67034153476,1
"170","W GULF",2015,2748.4976919032,162.837386134008,2485.50912318092,3018.79794129848,2756.42824794214,162.655590224096,2498.22036585971,3032.66480012866,1
"171","W GULF",2016,2768.05440668154,161.436344998826,2512.7901984733,3038.27305427055,2795.57112109798,6.06815098964873,2786.6562856373,2805.78889821863,1
"172","W GULF",2017,2784.41836915743,162.359103877939,2533.79972016052,3066.61686606398,2795.47746172734,97.8973529545242,2641.15579219627,2961.72074962152,1
"173","W GULF",2018,2806.68362576119,163.436769097712,2529.97774819501,3061.50307881622,2689.06620505036,132.331665270985,2465.30138839403,2896.14797570005,1
"174","W GULF",2019,2829.53000526763,167.617948214075,2548.50952104865,3099.37604557336,3056.87531780905,4.25969720296691,3054,3062.79860545459,1
"175","W GULF",2020,2864.80087389491,175.781243679103,2580.9683987831,3153.15391179697,2864.80087389491,175.781243679103,2580.9683987831,3153.15391179697,0
"176","W GULF",2021,2898.36917571266,194.921700399645,2582.93940321188,3221.06691973719,2793.01512673151,21.5948716659664,2761.44312891962,2828.48174149279,1
"177","E GULF",1978,11116.2523476195,874195.176588624,615.655283634744,93678.8431999188,11117.8826631097,874194.245404541,632.455354937545,93680.0144701092,1
"178","E GULF",1979,7849.54469179459,347227.590156965,603.8749891004,53991.582652492,7849.54469179459,347227.590156965,603.8749891004,53991.582652492,0
"179","E GULF",1980,5697.75687369832,142225.411071362,628.396546924724,32201.2207170196,5697.75687369832,142225.411071362,628.396546924724,32201.2207170196,0
"180","E GULF",1981,4241.96637086415,60387.7025944941,626.993880928208,19510.0837314216,4241.96637086415,60387.7025944941,626.993880928208,19510.0837314216,0
"181","E GULF",1982,3283.46181248127,26744.1489488939,638.940639465743,12579.8067009463,3283.46181248127,26744.1489488939,638.940639465743,12579.8067009463,0
"182","E GULF",1983,2663.90695295341,12372.5432830994,786.924111415775,8625.61019467679,2663.90695295341,12372.5432830994,786.924111415775,8625.61019467679,0
"183","E GULF",1984,2259.24925493791,6019.94698758559,801.283024682727,6112.5572071966,2259.24925493791,6019.94698758559,801.283024682727,6112.5572071966,0
"184","E GULF",1985,1999.49665980985,3134.1474527883,866.806115280481,4557.34514808024,1999.49665980985,3134.1474527883,866.806115280481,4557.34514808024,0
"185","E GULF",1986,1855.13666690474,1745.59956207543,877.348522027497,3566.19229580709,1855.13666690474,1745.59956207543,877.348522027497,3566.19229580709,0
"186","E GULF",1987,1753.09316318879,1063.18779785723,963.011087027022,3007.45027018393,1753.09316318879,1063.18779785723,963.011087027022,3007.45027018393,0
"187","E GULF",1988,1681.15469461049,694.793905986951,987.583330792925,2576.25191125285,1681.15469461049,694.793905986951,987.583330792925,2576.25191125285,0
"188","E GULF",1989,1608.64879106948,484.969481454454,1054.59075429169,2311.20718551864,1570.72693422289,478.913662539691,1046.97372111515,2274.81581960553,1
"189","E GULF",1990,1526.4502667826,352.953163494154,1056.76855480662,2046.70894553762,1504.40462049349,346.509991656088,1073.8252617919,2033.90797235374,1
"190","E GULF",1991,1426.67135066855,267.013430513601,1038.88071619701,1833.18453757369,1497.15422581274,256.944211230214,1146.89929132545,1897.88946041204,1
"191","E GULF",1992,1317.63668832443,199.596660489462,1021.09546056639,1639.7734193044,1317.63668832443,199.596660489462,1021.09546056639,1639.7734193044,0
"192","E GULF",1993,1194.30773054847,155.824861995124,950.488812894867,1440.45254410685,1305.19511661994,113.043450886744,1166.3812861874,1479.68840962475,1
"193","E GULF",1994,1077.37243353086,127.543102104868,869.152130474571,1276.83858292145,1098.04587982852,83.8162910234073,993.709353388727,1233.60559735675,1
"194","E GULF",1995,972.720826566801,108.706845269573,804.531649622011,1157.47898406706,972.720826566801,108.706845269573,804.531649622011,1157.47898406706,0
"195","E GULF",1996,882.207220904941,95.0604431183129,730.659107662988,1039.5355027927,731.395550477963,48.2836790307969,663.819782770774,807.467433500692,1
"196","E GULF",1997,810.578165985538,85.7000725190996,675.2020332744,952.160937290847,740.74811142737,36.9219848525044,691.415219157593,799.818174533747,1
"197","E GULF",1998,757.437526673251,78.5038056408436,630.55060448328,886.98752332591,803.98064490716,29.4348092998004,763.266077747583,848.367716532603,1
"198","E GULF",1999,719.90526315794,75.1810284594992,600.702626879903,845.673928379344,719.90526315794,75.1810284594992,600.702626879903,845.673928379344,0
"199","E GULF",2000,701.180561810125,71.9026516345499,587.43427599477,821.844467021158,763.588584819395,17.4568446676001,741.725776171899,790.170222635719,1
"200","E GULF",2001,697.710674732296,70.9006044317478,586.286983115561,818.410849206326,669.151331894139,14.3116910639294,652.628415487732,691.814299078442,1
"201","E GULF",2002,708.13784139925,72.4469689375558,589.892120170234,825.450574124397,643.555439902438,12.9381846172579,626.363953896915,664.022213291062,1
"202","E GULF",2003,734.034516287998,73.9127679356914,607.705064675821,849.255648185552,793.042342521364,12.4353268365327,774.259145658561,812.770991178048,1
"203","E GULF",2004,769.058351561109,77.6819389585409,636.409436200182,891.535567547135,767.190456308229,9.67726942638085,752.473161937868,782.894625348516,1
"204","E GULF",2005,813.89979605949,81.3803314473497,676.832279081477,944.399608710956,790.765321025503,10.3249975316141,775.030253205684,807.594264092969,1
"205","E GULF",2006,863.408913657415,84.3002364605196,733.133057627866,1010.17255538213,863.408913657415,84.3002364605196,733.133057627866,1010.17255538213,0
"206","E GULF",2007,918.20057492424,88.7864451334444,779.170036725316,1067.1260537574,918.20057492424,88.7864451334444,779.170036725316,1067.1260537574,0
"207","E GULF",2008,970.586820035859,93.3359028433574,824.25756793473,1128.07325605649,970.586820035859,93.3359028433574,824.25756793473,1128.07325605649,0
"208","E GULF",2009,1014.23194533099,96.5637571615371,849.83711099437,1166.46731891901,1025,0,1025,1025,1
"209","E GULF",2010,1049.30650143013,96.9804150211669,901.508653754558,1219.63807157562,961.174793722783,1.97154152055294,959,964.252542169519,1
"210","E GULF",2011,1074.05703696457,97.9050653723348,918.450512946331,1237.32412428298,1099,0,1099,1099,1
"211","E GULF",2012,1087.77175971802,96.9672879569061,933.443358969408,1249.77300498743,1087.77175971802,96.9672879569061,933.443358969408,1249.77300498743,0
"212","E GULF",2013,1092.81017115031,98.658078425928,937.517963738302,1260.35557124029,1235,0,1235,1235,1
"213","E GULF",2014,1091.73928439782,100.225467796816,930.092058926757,1256.3952159492,1091.73928439782,100.225467796816,930.092058926757,1256.3952159492,0
"214","E GULF",2015,1086.04255668746,100.41579592068,926.339004779089,1253.32228620401,1194,0,1194,1194,1
"215","E GULF",2016,1080.26721629814,100.457128674928,921.510988751174,1251.11657657521,1080.26721629814,100.457128674928,921.510988751174,1251.11657657521,0
"216","E GULF",2017,1075.77323074352,99.1173201683652,914.368402591351,1239.8971593598,795,0,795,795,1
"217","E GULF",2018,1073.39999198011,98.7575320494219,910.341904915294,1231.95761724812,1073.39999198011,98.7575320494219,910.341904915294,1231.95761724812,0
"218","E GULF",2019,1076.43279036498,101.513940784005,923.411286023846,1253.53513795852,1153,0,1153,1153,1
"219","E GULF",2020,1084.88021565022,106.659486825228,910.062782782019,1254.45373613015,1084.88021565022,106.659486825228,910.062782782019,1254.45373613015,0
"220","E GULF",2021,1094.79056593212,117.261353782947,909.012983714426,1292.54420418621,1123,0,1123,1123,1
"221","C GULF",1978,34421.7275484257,557354.046213968,17015.5109341474,132302.539334059,33957.957571992,557365.803293477,18076.7396878611,131312.612922487,1
"222","C GULF",1979,29518.324189346,225747.404165504,16795.5685299738,83163.9422626424,29711.2593425492,225745.464642526,17271.8963881313,83409.3589575029,1
"223","C GULF",1980,26123.4463494029,97013.3549841841,17023.203099204,56744.7510366041,26123.4463494029,97013.3549841841,17023.203099204,56744.7510366041,0
"224","C GULF",1981,23495.9132253367,43703.4328508019,16741.8684006325,41151.044697611,23495.9132253367,43703.4328508019,16741.8684006325,41151.044697611,0
"225","C GULF",1982,21201.0537698904,20718.9795320459,15894.1397123185,32037.4841824922,21201.0537698904,20718.9795320459,15894.1397123185,32037.4841824922,0
"226","C GULF",1983,18895.3897488347,10134.9891858836,14747.3502416006,25572.0603290456,18895.3897488347,10134.9891858836,14747.3502416006,25572.0603290456,0
"227","C GULF",1984,16605.3318840947,5253.28299822963,13497.6917556239,21020.7783975134,16536.9585741781,5243.97294388742,13508.8298550583,20963.6696514785,1
"228","C GULF",1985,14319.8987698549,2901.51521232692,12060.6466942475,17360.7665241154,14319.8987698549,2901.51521232692,12060.6466942475,17360.7665241154,0
"229","C GULF",1986,12134.0221268048,1734.29222254426,10351.7064761366,14151.6655590026,12634.2902761955,1681.20086828266,11151.3850925643,14558.3853624805,1
"230","C GULF",1987,10139.7769966274,1089.69013861295,8818.94260947168,11579.3907215599,10139.7769966274,1089.69013861295,8818.94260947168,11579.3907215599,0
"231","C GULF",1988,8396.318544683,755.941658720504,7378.03121587593,9434.0029730039,8396.318544683,755.941658720504,7378.03121587593,9434.0029730039,0
"232","C GULF",1989,6936.16074107269,532.093577760481,6174.73336073363,7733.24592726184,6929.55490295737,417.03892289756,6545.63407043165,7506.84042236971,1
"233","C GULF",1990,5728.67282562205,405.614508126351,5080.81883198998,6337.91250092332,5293.12584953584,312.890645048677,4912.74580443397,5769.70792385829,1
"234","C GULF",1991,4766.28637661477,325.260377701118,4240.49593788634,5260.1525029057,4872.43042847362,292.574904636909,4447.93369846237,5345.23977507533,1
"235","C GULF",1992,4009.55648037647,272.892177645684,3572.77580568613,4450.35100377815,3866.34461708095,196.156363919268,3569.17777357801,4178.21801296861,1
"236","C GULF",1993,3421.20994458378,235.975137658505,3046.52134911853,3810.05174786866,3333.2333724446,209.133755907946,3006.23456974656,3673.83701020189,1
"237","C GULF",1994,2973.21845161864,209.454544770751,2639.8600843265,3322.08565681238,3053.59454180738,84.068244340696,2939.78180616995,3184.66267098667,1
"238","C GULF",1995,2627.64013038155,188.696945340165,2316.90869698534,2938.7184547219,2627.64013038155,188.696945340165,2316.90869698534,2938.7184547219,0
"239","C GULF",1996,2365.59797111142,171.902313198777,2084.54848602199,2645.75552362164,2298.33950066682,162.173449236373,2042.81106897017,2567.37562172945,1
"240","C GULF",1997,2162.72002703976,162.910533992163,1912.04232850388,2444.40723406605,2272.95204561397,124.717143313332,2078.48604442538,2481.71919118388,1
"241","C GULF",1998,2018.35447931155,155.030905324634,1767.72566657917,2274.6690523691,2013.97148345143,31.3647105620943,1965.27861163212,2061.94099313596,1
"242","C GULF",1999,1911.33878859733,148.059496793853,1669.91629224388,2153.48571515998,1911.33878859733,148.059496793853,1669.91629224388,2153.48571515998,0
"243","C GULF",2000,1832.11575946071,142.737298689682,1614.30508529691,2076.10355859866,1977.48910800616,104.224358771886,1825.9504070751,2157.72087901732,1
"244","C GULF",2001,1785.62218979387,140.850003205835,1558.04899480216,2014.34255703023,1626.12454774261,13.4508097330165,1608.77538440685,1646.81035808703,1
"245","C GULF",2002,1754.36987065431,139.21108627806,1531.48976641331,1985.08225203336,1742.04318022609,101.580045278918,1584.2822333709,1908.5688567096,1
"246","C GULF",2003,1744.31952829608,140.726791773004,1502.06166804224,1965.93308245929,1769.02040835254,83.8973535331799,1633.21168225557,1906.80283896111,1
"247","C GULF",2004,1755.14258276145,140.475216835259,1531.88279499992,1989.64520254977,1704.87096896754,102.511620990782,1542.82029748992,1872.44750184885,1
"248","C GULF",2005,1779.86246650366,145.887474159844,1544.10211843348,2018.21164811149,1767.41658694969,6.32839784992325,1758.87333315608,1777.71453155822,1
"249","C GULF",2006,1817.65104558897,150.427616514748,1589.63556408293,2077.74300190471,1817.65104558897,150.427616514748,1589.63556408293,2077.74300190471,0
"250","C GULF",2007,1871.9159328916,155.318491061773,1627.85417370342,2128.81377201891,1858.37307631571,148.465489674185,1616.82117839518,2097.66154773748,1
"251","C GULF",2008,1940.77181667948,159.253038215933,1684.18710128905,2199.37975761498,1940.77181667948,159.253038215933,1684.18710128905,2199.37975761498,0
"252","C GULF",2009,2018.70555427614,163.076831158428,1762.44504828051,2294.4456672659,1951.00279832781,2.58488776447795,1948,1954.92671419074,1
"253","C GULF",2010,2107.84217885126,167.847414982816,1825.32998432124,2376.07457681203,2109.98603341857,164.021592984478,1859.32983011391,2394.50985199364,1
"254","C GULF",2011,2200.46357929886,170.875387805385,1920.21860273167,2476.7808343387,2262.91642994399,1.18982377414146,2262,2264.34103909509,1
"255","C GULF",2012,2295.44962647692,175.858156115633,2022.28102495086,2597.77120339488,2295.44962647692,175.858156115633,2022.28102495086,2597.77120339488,0
"256","C GULF",2013,2387.64553151252,179.097385671634,2101.19224708633,2682.22700190145,2554,0,2554,2554,1
"257","C GULF",2014,2469.8402316609,188.100956659878,2184.12433443761,2793.10127197027,2469.8402316609,188.100956659878,2184.12433443761,2793.10127197027,0
"258","C GULF",2015,2534.9498981973,192.583044850952,2237.77289366523,2871.555499369,2703,0,2703,2703,1
"259","C GULF",2016,2590.71764731933,197.550839090985,2273.81326514069,2921.04564285234,2590.71764731933,197.550839090985,2273.81326514069,2921.04564285234,0
"260","C GULF",2017,2626.80836705438,196.156853887611,2310.60282586867,2949.44484289111,2234,0,2234,2234,1
"261","C GULF",2018,2651.46023587998,197.861576923598,2334.13477476631,2982.6146645931,2639.66412248222,197.664074571203,2326.53147258984,2974.3839313772,1
"262","C GULF",2019,2662.00719194561,201.964453824785,2351.4094674575,3014.78008593652,2689,0,2689,2689,1
"263","C GULF",2020,2677.60034500181,212.724268612472,2344.17397644255,3036.40452774849,2677.60034500181,212.724268612472,2344.17397644255,3036.40452774849,0
"264","C GULF",2021,2695.96425248069,231.038509004463,2323.17260541265,3074.58378783015,2777,0,2777,2777,1
